{
  "project_info": {
    "project_number": "904034161748",
    "firebase_url": "https://hwmaster-b3350.firebaseio.com",
    "project_id": "hwmaster-b3350",
    "storage_bucket": "hwmaster-b3350.appspot.com"
  },
  "client": [
    {
      "client_info": {
        "mobilesdk_app_id": "1:904034161748:android:1b2f42098c774dc8",
        "android_client_info": {
          "package_name": "com.example.sujin.a170518hw_master"
        }
      },
      "oauth_client": [
        {
          "client_id": "904034161748-qpivpap5v1ckefkk29pkhf6ieqb9dcqk.apps.googleusercontent.com",
          "client_type": 1,
          "android_info": {
            "package_name": "com.example.sujin.a170518hw_master",
            "certificate_hash": "19ceb116695b912d984ef2f97b77ff808b40dfda"
          }
        },
        {
          "client_id": "904034161748-1g3cbg6rkv90u5vq1slqn6mae18go83c.apps.googleusercontent.com",
          "client_type": 3
        }
      ],
      "api_key": [
        {
          "current_key": "AIzaSyCP6toe9o3G-TF_YnEJd42sksOlJp3mvkI"
        }
      ],
      "services": {
        "analytics_service": {
          "status": 1
        },
        "appinvite_service": {
          "status": 2,
          "other_platform_oauth_client": [
            {
              "client_id": "904034161748-1g3cbg6rkv90u5vq1slqn6mae18go83c.apps.googleusercontent.com",
              "client_type": 3
            }
          ]
        },
        "ads_service": {
          "status": 2
        }
      }
    }
  ],
  "configuration_version": "1"
}